Model,Statistic,p-value,Significance,Mean_Diff
KNN,4.0,1.30385160446167e-08,***,0.0331384015594538
Naive Bayes,16.5,3.855675458908081e-07,***,0.021442495126705596
SVM,0.0,2.4595765980895942e-06,***,0.047758284600389445
RF Default (XGB-Selected),38.5,0.0001717132497218013,***,0.013840155945419097
Logistic Regression,64.0,0.0002562887966632843,***,0.01423001949317737
XGBoost Default (XGB-Selected),72.0,0.04255911603282334,*,0.003118908382066188
Gradient Boosting,140.0,0.09220339611275513,ns,0.005847953216373991
RF Default (All),100.5,0.09299194100561202,ns,0.004678362573099282
XGBoost (All),174.0,0.5066926153627338,ns,0.0009746588693957392
