Model,Statistic,p-value,Significance,Mean_Diff
SVM,0.0,1.6710024438606668e-06,***,0.053216374269005495
KNN,0.0,2.457909134368689e-06,***,0.03859649122806985
Naive Bayes,4.5,2.628354718098468e-06,***,0.026900584795321647
Logistic Regression,12.5,8.180971282459398e-05,***,0.01968810916179342
RF Default (XGB-Selected),21.0,0.00020786940970633682,***,0.008187134502923854
Gradient Boosting,55.0,0.0004196573108711967,***,0.0120857699805067
RF Default (All),49.0,0.0007081031149110916,***,0.010136452241715332
XGBoost Default (XGB-Selected),46.0,0.004748849012392271,**,0.0037037037037036535
XGBoost (All),95.5,0.041177330233637906,*,0.00643274853801179
