Model,Statistic,p-value,Significance,Mean_Diff
SVM,3.0,3.4012828719020953e-06,***,0.03157894736842093
KNN,28.5,0.00010902441590288158,***,0.016959064327485285
RF Default (All),30.5,0.00013123072585964252,***,-0.011500974658869234
XGBoost (All),36.5,0.00023688883758741039,***,-0.015204678362572777
XGBoost (Selected),43.0,0.0011936266907679074,**,-0.006627680311890649
Gradient Boosting,53.0,0.0018158569915596803,**,-0.010331384015594525
Naive Bayes,109.0,0.08884981230707507,ns,0.0052631578947370805
RF Default (Selected),54.0,0.1652226095155529,ns,-0.0017543859649122862
Logistic Regression,142.0,0.5791431475687889,ns,-0.0019493177387911453
