Model,Statistic,p-value,Significance,Mean_Diff
SVM,3.5,3.532767932369998e-06,***,0.028070175438596245
XGBoost (All),39.0,0.00010962881147996516,***,-0.01871345029239746
RF Default (All),58.0,0.00031957278031917354,***,-0.015009746588693917
KNN,47.5,0.0006611735420853263,***,0.013450292397660601
Gradient Boosting,54.5,0.0036032470413619533,**,-0.01306042884990255
RF Default (Selected),76.5,0.03488336096212749,*,-0.006237816764132598
Logistic Regression,103.5,0.06635809366049053,ns,-0.005458089668615829
Naive Bayes,181.5,0.6235820793035407,ns,0.0017543859649123972
XGBoost (Selected),188.0,0.7314486730332088,ns,0.0005847953216373547
