Model,Statistic,p-value,Significance,Mean_Diff
SVM,0.0,1.862645149230957e-09,***,0.04697855750487301
KNN,0.0,1.862645149230957e-09,***,0.032358674463937365
Naive Bayes,18.0,4.7124922275543213e-07,***,0.02066276803118916
Logistic Regression,25.0,0.0001266322046763183,***,0.013450292397660935
RF Default (CV-Selected),53.0,0.008383698059551813,**,-0.003118908382066188
Gradient Boosting,80.0,0.025630271653454856,*,0.005068226120857555
RF Default (All),83.5,0.05528906901213777,ns,0.003898635477582846
XGBoost (CV-Selected),86.0,0.0656337357303669,ns,-0.003313840155945269
XGBoost (All),150.0,1.0,ns,0.00019493177387930327
