Model,Statistic,p-value,Significance,Mean_Diff
KNN,0.0,1.6805458207281375e-06,***,0.03528265107212447
SVM,0.0,1.6976242500698797e-06,***,0.049902534113060115
Naive Bayes,0.0,2.4297055330462724e-06,***,0.023586744639376267
Logistic Regression,23.5,6.400474703231058e-05,***,0.01637426900584804
Gradient Boosting,29.5,0.0009265942308424423,***,0.00877192982456132
RF Default (All),42.5,0.0020236261553489144,**,0.006822612085769952
XGBoost (All),131.5,0.1621047290669394,ns,0.00311890838206641
XGBoost (CV-Selected),108.5,0.23388918169501582,ns,0.002534113060428944
RF Default (CV-Selected),96.5,0.7480276720391348,ns,0.0003898635477582735
