Model,Statistic,p-value,Significance,Mean_Diff
XGBoost Default (All),39.5,7.149203855530218e-05,***,-0.013555555555555321
Random Forest (DIO-Selected),104.5,0.014508445246264878,*,0.007200000000000095
Random Forest (All),177.5,0.25775738259762904,ns,-0.003555555555555534
XGBoost Default (DIO-Selected),130.5,0.38886128640860707,ns,0.0015111111111112407
